ds_name,n_avg,l_min,l_max,D,k_max,N_max,r,n_avg_train,n_avg_test
simple,1198.0555555555557,50,50,6,8,5,3.00358531532446,1194.6666666666667,1198.7333333333333
s1,1161.616,50,50,6,8,5,3.6272003976901734,1190.34,1154.435
s2,1209.544,45,55,6,8,5,2.960972468835271,1209.26,1209.615
s3,1295.452,35,65,6,8,5,3.1051698758583997,1255.18,1305.52
s4,1252.268,50,50,12,8,5,3.784791421102341,1233.16,1257.045
s5,1309.808,45,55,12,8,5,3.743687222422266,1313.68,1308.84
s6,1428.22,35,65,12,8,5,3.1723426023459655,1395.96,1436.285
