ds_name,base_ds_name,l_min,l_max,D,k_max,r,n_avg_train,n_avg_test,n_avg
s1@synthetic#0.1-snr,base,50,50,6,8,3.627200397690173,1190.34,1154.435,1161.616
s1@synthetic#0.2-snr,base,50,50,6,8,3.627200397690173,1190.34,1154.435,1161.616
s1@synthetic#0.3-snr,base,50,50,6,8,3.627200397690173,1190.34,1154.435,1161.616
s1@synthetic#0.4-snr,base,50,50,6,8,3.627200397690173,1190.34,1154.435,1161.616
s1@synthetic#0.5-snr,base,50,50,6,8,3.627200397690173,1190.34,1154.435,1161.616
