ds_name,l_min,l_max,D,k_max,r,n_avg_train,n_avg_test,n_avg
e1,61,232,15,10,58.22584508809751,5737.5,5482.666666666667,5584.6
e2,80,210,15,10,27.74012321090282,5747.5,5453.0,5570.8
e3,70,218,15,10,79.8877502861968,5744.0,5458.666666666667,5572.8
e4,70,213,15,10,60.20640706875262,5545.0,5444.333333333333,5484.6
e5,68,204,15,10,75.07049103524831,5589.0,5353.333333333333,5447.6
e6,68,262,15,11,69.19423256797874,5553.5,5429.0,5478.8
e7,67,232,15,10,117.38649024857062,5537.5,5375.0,5440.0
e8,60,201,15,10,90.36262471105721,5507.5,5455.666666666667,5476.4
